foodId,label,category,foodContentsLabel,image
3760049790214,Pain De Mie Bio,"en:plant-based-foods-and-beverages, en:plant-based-foods, en:cereals-and-potatoes, en:cereals-and-their-products, en:breads, en:sliced-breads, en:packaged-breads, en:wholemeal-breads, en:wholemeal-sliced-breads","wheat flour* 44%, water, whole wheat flour* 13%, brown cane sugar*, yeast, rapeseed oil*, apple cider vinegar*, wheat bran*, salt, wheat gluten*, ascorbic acid, possible traces of soy",https://images.openfoodfacts.org/images/products/376/004/979/0214/front_en.262.400.jpg
3760049798609,Pain de mie grandes tranches Seigle & Graines 500g,"en:plant-based-foods-and-beverages, en:plant-based-foods, en:cereals-and-potatoes, en:cereals-and-their-products, en:breads, en:sliced-breads","Farine de BLÉ* 41 % , eau, graines de lin brun 6,1 %, graines de lin jaune 6,1 %, graines de tournesol décortiquées 6 %, farine de SEIGLE 5,1 %, GLUTEN DE BLÉ, farine d'ORGE maltée torréfiée, levure, extrait de malt d'ORGE, sel, vinaigre, arôme naturel (contient alcool), conservateur : propionate de calcium, jus d'acérola déshydraté. Traces éventuelles d'œufs, lait, graines de sésame, soja et moutarde. * Ingrédient issu du commerce équitable français.",https://images.openfoodfacts.org/images/products/376/004/979/8609/front_en.140.400.jpg
3228857002344,Pain de mie american sandwich complet sans sucres ajoutés 600g,"en:plant-based-foods-and-beverages, en:plant-based-foods, en:cereals-and-potatoes, en:cereals-and-their-products, en:breads, en:sliced-breads, en:wholemeal-breads, en:wholemeal-sliced-breads","Farine complète de BLÉ 39,3%, eau, farine de BLÉ 26,7%, huile de colza, fibre de chicorée, arôme (contient alcool), sel, vinaigre, farine de SEIGLE maltée, levure, gluten de BLÉ, levure désactivée, extrait d'acérola. Peut contenir des traces d'OEUFS, SOJA, LAIT, FRUITS À COQUE et GRAINES DE SÉSAME.",https://images.openfoodfacts.org/images/products/322/885/700/2344/front_fr.105.400.jpg
7311070032611,KRISPROLLS Complets,"en:plant-based-foods-and-beverages, en:plant-based-foods, en:cereals-and-potatoes, en:cereals-and-their-products, en:breads, en:rusks, en:toasts, en:toasted-bread-rolls, fr:petit-pain-grille-suedois-sans-sucre, fr:petit-pain-suedois-sans-sucre","Farine de blé complet* (62%), farine de blé*, huile de colza*, huile de colza totalement hydrogénée, malt d'orge, levure, sel.",https://images.openfoodfacts.org/images/products/731/107/003/2611/front_en.91.400.jpg
3029330022428,14 Maxi Tranches complet sans sucres ajoutés,"en:plant-based-foods-and-beverages, en:plant-based-foods, en:cereals-and-potatoes, en:cereals-and-their-products, en:breads, en:sliced-breads, en:wholemeal-breads, en:wholemeal-sliced-breads","Farine complète de blé (63%), eau, farine de blé (2,2%), huile de colga, Levure, arôme naturel (contient alcool), sel, farine de maïs fermentée, gluten de blé, jus d'acérola en poudre. Contient des sucres naturellement présents. Une recette sans huile de palme pour des pains de mie moelleux. Con vient à un régime végétalien. pour 1 portion %AR* pour (1 tranche ÉTIQUETAGE NUTRITIONNEL 100 g par =39,3g) portion 410 97 f Valeur 1020 kJ énergétique",https://images.openfoodfacts.org/images/products/302/933/002/2428/front_fr.180.400.jpg
3760049794298,Pain de mie Bio grandes tranches céréales & graines 500g,"en:plant-based-foods-and-beverages, en:plant-based-foods, en:cereals-and-potatoes, en:cereals-and-their-products, en:breads, en:sliced-breads, en:multigrain-sliced-breads, en:packaged-breads","Farine de BLÉ*/** 56%, eau, levure, huile de tournesol*/** 4,5%, sucre de canne roux*, levure, graines de tournesol décortiquées* 3,4%, vinaigre de cidre*, flocons de BLÉ* 2,8 %, graines de lin brun* 2,8%, farine de SEIGLE * 1,6 %, graines de millet décortiquées* 1,6 %, GLUTEN DE BLÉ*, sel, farine d'ORGE maltée torréfiée* 0,2%, levure désactivée, agent de traitement de la farine : acide ascorbique. Traces éventuelles d'œufs, soja, lait, moutarde et graines de sésame. *Ingrédients issus de l'Agriculture Biologique. **Ingrédients issus du commerce équitable Français.",https://images.openfoodfacts.org/images/products/376/004/979/4298/front_fr.194.400.jpg
7300400481595,AUTHENTIQUE,"en:plant-based-foods-and-beverages, en:plant-based-foods, en:snacks, en:breakfasts, en:cereals-and-potatoes, en:cereals-and-their-products, en:breads, en:rusks, en:crispbreads, fr:pain-croquant","Farine complète de SEIGLE (77 g*), farine de SEIGLE (28 g*), levure, sel. Peut contenir des traces de LUPIN, LAIT, MOUTARDE, GRAINES DE SÉSAME et SOJA. *en g pour 100 g de produit.",https://images.openfoodfacts.org/images/products/730/040/048/1595/front_fr.249.400.jpg
7300400481588,FIBRES,"en:plant-based-foods-and-beverages, en:plant-based-foods, en:snacks, en:cereals-and-potatoes, en:salty-snacks, en:appetizers, en:cereals-and-their-products, en:chips-and-fries, en:crisps, en:breads, en:extruded-crispbreads, en:crispbreads, en:crispbreads-wholemeal, en:extruded-and-grilled-crispbread","Farine complète de SEIGLE 59 g*, son de BLÉ 27 g*, flocons d'AVOINE 12 g*, GRAINES DE SÉSAME 7,0 g*, germe de BLÉ, sel. *en g pour 100 g de produit fini. Peut contenir des traces de LUPIN, LAIT, MOUTARDE et SOJA.",https://images.openfoodfacts.org/images/products/730/040/048/1588/front_en.269.400.jpg
3760049791006,tartine de campagne,"en:plant-based-foods-and-beverages, en:plant-based-foods, en:cereals-and-potatoes, en:breads, en:pains-de-campagne, fr:pain-de-mie-de-campagne","Farine de BLÉ* 57 %, eau, huile de colza, GLUTEN DE BLÉ, levure, semoule de BLÉ dur, levains de BLÉ dévitalisés, sel, arôme naturel (contient alcool), conservateur : propionate de calcium, farine de SEIGLE, farine d'ORGE maltée torréfiée, levure désactivée, farine de BLÉ malté torréfié, antioxydant : acide ascorbique. Traces éventuelles d'œufs, soja et lait.* Ingrédient issu du commerce équitable français.",https://images.openfoodfacts.org/images/products/376/004/979/1006/front_fr.144.400.jpg
3228857000166,100% mie complet 500g,"en:plant-based-foods-and-beverages, en:plant-based-foods, en:cereals-and-potatoes, en:cereals-and-their-products, en:breads, en:sliced-breads, en:sliced-breads-without-crust, en:wholemeal-breads, en:wholemeal-sliced-breads","Farine complète de BLÉ 36%, eau, farine de BLÉ 24%, huile de colza, sucre, arôme (contient alcool), sel, vinaigre, farine de SEIGLE maltée, levure, gluten de BLÉ, extrait d'acérola. Peut contenir des traces d'OEUFS, SOJA, LAIT, FRUITS À COQUE et GRAINES DE SÉSAME.",https://images.openfoodfacts.org/images/products/322/885/700/0166/front_fr.1858.400.jpg
3284230011884,8 Pains au lait frais Bio 280g,"en:plant-based-foods-and-beverages, en:plant-based-foods, en:snacks, en:breakfasts, en:cereals-and-potatoes, en:sweet-snacks, en:cereals-and-their-products, en:sweet-pastries-and-pies, en:breads, en:viennoiseries, en:milk-bread-rolls","Farine de BLÉ*/** 51%, ŒUFS entiers*/** 12.5%, LAIT frais écrémé pasteurisé* 8.4%, huile de tournesol*/** 8.4%, levain* (eau, farines de BLE*/** 3.3% et de SEIGLE*, levures), sucre de canne roux*, arôme naturel de vanille* (contient alcool*), GLUTEN DE BLÉ*, levure, sel, extrait de vanille*. Traces éventuelles de soja. *Ingrédients issus de l'Agriculture Biologique. **Ingrédients issus du commerce équitable français.",https://images.openfoodfacts.org/images/products/328/423/001/1884/front_fr.161.400.jpg
7300400481571,wasa,"en:plant-based-foods-and-beverages, en:plant-based-foods, en:snacks, en:cereals-and-potatoes, en:salty-snacks, en:appetizers, en:cereals-and-their-products, en:chips-and-fries, en:crisps, en:breads, en:extruded-crispbreads, en:crispbreads, en:crispbreads-wholemeal, en:extruded-and-grilled-crispbread","Farine complète de SEIGLE 110 g*, sel. *en g pour 100 g de produit. Peut contenir des traces de LUPIN, LAIT, MOUTARDE, GRAINES DE SÉSAME et SOJA.",https://images.openfoodfacts.org/images/products/730/040/048/1571/front_fr.1736.400.jpg
4056489007180,pain de mie grandes tranches spécial sandwich complet,"en:plant-based-foods-and-beverages, en:plant-based-foods, en:cereals-and-potatoes, en:cereals-and-their-products, en:breads, en:sliced-breads, en:wholemeal-breads, en:wholemeal-sliced-breads","Farine de _blé_ complet 60%, eau, farine de _blé_, huile de colza, sucre, levure, sel, farine de fève, correcteur d'acidité (acétates de sodium), arôme naturel, alcool",https://images.openfoodfacts.org/images/products/405/648/900/7180/front_en.115.400.jpg
3228857001231,Harrys brioche tressee nature au sucre perle sans additifs 500g,"en:plant-based-foods-and-beverages, en:plant-based-foods, en:snacks, en:cereals-and-potatoes, en:sweet-snacks, en:cereals-and-their-products, en:sweet-pastries-and-pies, en:breads, en:viennoiseries, en:brioches, fr:brioches-tressees, en:packaged-breads, en:pure-butter-brioche, fr:brioches-natures","Farine de BLÉ 51,8%, eau, OEUFS frais 12,2%, sucre 11,5%, huile de colza 10,8%, sucre perlé 2,3% (sucre, graisse végétale : karité, arôme), gluten de BLÉ, arômes dont fleur d'oranger (contient alcool), extraits végétaux à pouvoir colorant (curcuma, paprika), levure, fibre de BLÉ, sel, farine d'ORGE maltée, extrait d'acérola. Peut contenir des traces de LAIT, GRAINES DE SÉSAME, FRUITS A COQUE et SOJA.",https://images.openfoodfacts.org/images/products/322/885/700/1231/front_fr.159.400.jpg
3228857002245,Pain de mie american sandwich rustique sans sucres ajoutés 500g,"en:plant-based-foods-and-beverages, en:plant-based-foods, en:cereals-and-potatoes, en:cereals-and-their-products, en:breads, en:sliced-breads","Farine de BLÉ 48,9%, eau, farine complète de SEIGLE 5,1%, graines de lin doré 5,1%, graines de tournesol 5,1%, huile de colza, farine d'ORGE maltée torréfiée 3,1%, gluten de BLÉ, fibre de chicorée, arôme (contient alcool), levure, sel, vinaigre, levure désactivée, extrait d'acérola. Peut contenir des traces d'OEUFS, SOJA, LAIT, FRUITS À COQUE, GRAINES DE SÉSAME et LUPIN.",https://images.openfoodfacts.org/images/products/322/885/700/2245/front_fr.77.400.jpg
3228857001378,Brioche moins de sucre,"en:plant-based-foods-and-beverages, en:plant-based-foods, en:snacks, en:cereals-and-potatoes, en:sweet-snacks, en:cereals-and-their-products, en:sweet-pastries-and-pies, en:breads, en:viennoiseries, en:brioches, en:brioche-prepacked, fr:brioches-tranchees, fr:brioches-natures","Farine de BLÉ 52,5%, eau, OEUFS frais 9%, huile de colza, sucre 8,5%, arôme (contient alcool), fibres (BLÉ, AVOINE), gluten de BLÉ, levure, sel, extraits végétaux à pouvoir colorant (curcuma, paprika), extrait d'acérola. Peut contenir des traces de LAIT, SOJA, FRUITS A COQUE, GRAINES DE SÉSAME.",https://images.openfoodfacts.org/images/products/322/885/700/1378/front_fr.130.400.jpg
3760049790252,Pain de mie grandes tranches Toastiligne complet,"en:plant-based-foods-and-beverages, en:plant-based-foods, en:cereals-and-potatoes, en:breads, en:sliced-breads, en:packaged-breads, en:wholemeal-breads, en:wholemeal-sliced-breads","Farine complète de BLÉ* 61%, eau, GLUTEN DE BLÉ, levure sel, farine de BLÉ*0,7%, vinaigre, conservateur : propionate de calcium, émulsifiant : mono - et diglycérides d'acides gras (origine végétale), agent de traitement de la farine : acide ascorbique. Traces éventuelles de soja, moutarde et graines de sésame. * Ingrédients issus du commerce équitable français.",https://images.openfoodfacts.org/images/products/376/004/979/0252/front_fr.117.400.jpg
3228857001194,Beau & bon Céréales & graines,"en:plant-based-foods-and-beverages, en:plant-based-foods, en:cereals-and-potatoes, en:cereals-and-their-products, en:breads, en:sliced-breads, en:white-breads, en:multigrain-sliced-breads","Farines de céréales 54,8% (BLÉ 46,6%, AVOINE 1,8%, riz, SEIGLE, ORGE 1,8%, SEIGLE malté, ORGE malté 0,3%), eau, graines 14,6% (tournesol 4,6%, SOJA, lin, millet, AVOINE 0,9%, maïs, ORGE 0,4%, SÉSAME), gluten de BLÉ, huile de colza, levure, arôme (contient alcool), sel, vinaigre, extrait d'acérola. Peut contenir des traces de LAIT, OEUFS, FRUITS A COQUE.",https://images.openfoodfacts.org/images/products/322/885/700/1194/front_fr.1123.400.jpg
3760049798869,Pain de mie Bio grandes tranches complet sans sucres ajoutés 500g,"en:plant-based-foods-and-beverages, en:plant-based-foods, en:cereals-and-potatoes, en:breads, en:sliced-breads, en:wholemeal-breads, en:wholemeal-sliced-breads","Farine complète de BLÉ*/** 59%, eau, GLUTEN DE BLÉ*, huile de tournesol*, levure, arôme naturel d'AVOINE*(contient alcool*), sel, vinaigre*, farine de BLÉ*/**0,3%, levure désactivée, antioxydant : acide ascorbique. Traces éventuelles de soja. *Ingrédients issus de l'Agriculture Biologique. **Ingrédients issus du commerce équitable français.",https://images.openfoodfacts.org/images/products/376/004/979/8869/front_fr.29.400.jpg
3228857000852,Pain de mie 100% mie nature,"en:plant-based-foods-and-beverages, en:plant-based-foods, en:cereals-and-potatoes, en:frozen-foods, en:cereals-and-their-products, en:breads, en:frozen-breads, en:sliced-breads, en:sliced-breads-without-crust","Farine de BLÉ 63%, eau, sucre, huile de colza, sel, vinaigre, levure, farine de fèves, gluten de BLÉ, arôme (contient alcool), extrait d'acérola. Peut contenir des traces d'OEUF, SOJA, LAIT, FRUITS A COQUE et GRAINES DE SÉSAME.",https://images.openfoodfacts.org/images/products/322/885/700/0852/front_en.160.400.jpg
3228857002184,American sandwich nature,"en:plant-based-foods-and-beverages, en:plant-based-foods, en:cereals-and-potatoes, en:frozen-foods, en:cereals-and-their-products, en:breads, en:sliced-breads, en:frozen-breads","Farine de BLÉ 66,3%, eau, huile de colza, fibre de chicorée, arôme (contient alcool), sel, fibre de BLÉ, vinaigre, levure, farine de fèves, gluten de BLÉ, levure désactivée, extrait d'acérola. Peut contenir des traces d'OEUFS, SOJA, LAIT, FRUITS A COQUE et GRAINES DE SESAME.",https://images.openfoodfacts.org/images/products/322/885/700/2184/front_fr.79.400.jpg
3760049798029,Tartines Bio quinoa & graines 450g,"en:plant-based-foods-and-beverages, en:plant-based-foods, en:cereals-and-potatoes, en:cereals-and-their-products, en:breads","Farine de BLÉ*/** 47 % , eau, graines de quinoa blanc* 6,7 %, huile de tournesol*, graines de tournesol décortiquées* 4,5%, sucre de canne roux*, graines de lin brun* 3,1 %, GLUTEN DE BLÉ*, vinaigre*, levain de BLÉ dévitalisé*, sel, arôme naturel d'AVOINE* (contient alcool*), levure, épaississant : gomme de guar*, farine de SEIGLE*, farine d'ORGE maltée torréfiée*, farine de BLÉ malté torréfié*, antioxydant : acide ascorbique. Traces éventuelles d'œufs, soja, lait, moutarde et graines de sésame. *Ingrédients issus de l'Agriculture Biologique. **Ingrédient issu du commerce équitable français.",https://images.openfoodfacts.org/images/products/376/004/979/8029/front_fr.130.400.jpg
3228857002221,American sandwich Céréales,"en:plant-based-foods-and-beverages, en:plant-based-foods, en:cereals-and-potatoes, en:frozen-foods, en:cereals-and-their-products, en:breads, en:sliced-breads, en:frozen-breads, en:multigrain-sliced-breads","Farine semi complète de BLÉ 34,6%, eau, farine de BLÉ 16,2%, farine de SEIGLE 7,5%, huile de colza, graines de tournesol 2,7%, fibre de chicorée, graines de lin brun 1,4%, graines de SOJA toastées 1,4%, gluten de BLÉ, arôme (contient alcool), farine d'AVOINE 1,3%, farine de riz 1,3%, farine d'ORGE 1,3%, sel, levure, vinaigre, levure désactivée, extrait d'acérola. Peut contenir des traces d'OEUF, LAIT, FRUITS A COQUE et GRAINES DE SÉSAME.",https://images.openfoodfacts.org/images/products/322/885/700/2221/front_en.3.400.jpg
3760049796384,Tartines céréales 450g,"en:plant-based-foods-and-beverages, en:plant-based-foods, en:snacks, en:cereals-and-potatoes, en:sweet-snacks, en:sweet-pastries-and-pies, en:breads, en:viennoiseries, en:sliced-breads, en:multigrain-sliced-breads","Farine de BLÉ *50 %, eau, huile de colza, graines de tournesol décortiquées 4,6 %, graines de millet décortiquées 1,8 %, graines de lin brun 1,8%, semoule de BLÉ dur 1,6 %, levains de BLÉ dévitalisés, sel, arôme naturel (contient alcool), graines de pavot bleu 0,7 %, flocons d'AVOINE 0,7 %, levure, vinaigre, graines de quinoa 0,4 %, graines d'amarante 0,4%, conservateur : propionate de calcium, levure désactivée, farine de BLÉ d'épeautre 0,3 %, GLUTEN DE BLÉ , farine de SEIGLE 0,2%, farine d'ORGE maltée torréfiée 0,1%, farine de BLÉ malté torréfié 0,1%, antioxydant : acide ascorbique. Traces éventuelles d'œufs, soja, lait, moutarde et graines de sésame. * Ingrédient issu du commerce équitable français.",https://images.openfoodfacts.org/images/products/376/004/979/6384/front_fr.88.400.jpg
3760049795479,Pain de mie grandes tranches Toastiligne céréales & graines 500g,"en:plant-based-foods-and-beverages, en:plant-based-foods, en:cereals-and-potatoes, en:breads, en:sliced-breads, en:multigrain-sliced-breads","Farine de BLÉ* 58%, eau, levure, GLUTEN DE BLÉ, graines de lin brun 2,1% , graines de lin jaune 1,9%, graines de millet décortiquées 1,9%, graines de tournesol décortiquées 1,2%, sel, farine de BLÉ malté torréfié 0,7%, vinaigre, graines de sarrasin décortiquées 0,6%, graines de pavot 0,4%, conservateur : propionate de calcium, agent de traitement de la farine : acide ascorbique. Traces éventuelles d'œufs, lait, soja, graines de sésame et fruits à coque. *Ingrédient issu du commerce équitable français.",https://images.openfoodfacts.org/images/products/376/004/979/5479/front_en.105.400.jpg
7311070032598,Krisprolls complets sans sucres ajoutés,"en:plant-based-foods-and-beverages, en:plant-based-foods, en:cereals-and-potatoes, en:cereals-and-their-products, en:breads, en:toasts, en:toasted-bread-rolls","Farine de blé complet (62%) Farine de blé, huiles végétales (huile de colza, huile de colza totalement hydrogénée), malt d'orge, levure, sel.",https://images.openfoodfacts.org/images/products/731/107/003/2598/front_en.75.400.jpg
3228857002351,Pain de mie american sandwich complet sans sucres ajoutés maxi 900g,"en:plant-based-foods-and-beverages, en:plant-based-foods, en:cereals-and-potatoes, en:frozen-foods, en:breads, en:sliced-breads, en:frozen-breads, en:wholemeal-breads, en:wholemeal-sliced-breads","Farine complète de BLÉ 39,3%, eau, farine de BLÉ 26,7%, huile de colza, fibre de chicorée, arôme (contient alcool), sel, vinaigre, farine de SEIGLE maltée, levure, gluten de BLÉ, levure désactivée, extrait d'acérola. Peut contenir des traces d'OEUFS, SOJA, LAIT, FRUITS À COQUE et GRAINES DE SÉSAME.",https://images.openfoodfacts.org/images/products/322/885/700/2351/front_fr.56.400.jpg
3229820019192,Pain complet 3 céréales,"en:plant-based-foods-and-beverages, en:plant-based-foods, en:cereals-and-potatoes, en:cereals-and-their-products, en:breads, en:wholemeal-breads, fr:pain-complet-3-cereales","Eau, seigle 40%, farine de seigle complète 7,2%, flocons d'avoine 3%, flocons d'orge 3%, graines de lin, sel marin, graines de sésame, levure. Peut contenir des traces de fruits à coque, de soja.",https://images.openfoodfacts.org/images/products/322/982/001/9192/front_fr.192.400.jpg
3760049798845,Pain de mie grandes tranches Avoine & Graines 500g,"en:plant-based-foods-and-beverages, en:plant-based-foods, en:cereals-and-potatoes, en:breads, en:sliced-breads, en:multigrain-sliced-breads, fr:pain-de-mie-a-la-farine-d-avoine, fr:pain-de-mie-a-la-farine-de-ble","Farine de BLÉ* 34 % , eau, farine d'AVOINE 10,5%, graines de lin brun 10,5 % , GLUTEN DE BLÉ, graines de tournesol décortiquées 4,4 %, levure, levain de SEIGLE dévitalisé déshydraté, sel, graines de pavot bleu 0,8%, vinaigre, arôme naturel (contient alcool), conservateur : propionate de calcium, levure désactivée, antioxydant : acide ascorbique. Traces éventuelles de soja, graines de sésame et moutarde. * Ingrédient issu du commerce équitable français.",https://images.openfoodfacts.org/images/products/376/004/979/8845/front_fr.54.400.jpg
3017760542890,Pain grillé au blé complet,"en:plant-based-foods-and-beverages, en:plant-based-foods, en:cereals-and-potatoes, en:cereals-and-their-products, en:breads, en:rusks, en:toasts","farine de blé 86%, farine complète de blé 15%, levure, huile de palme, sirop de glucose - fructose, sel, farine de blé malté, acidifiant (acide lactique), farine de seigle, agent de traitement de la farine (acide ascorbique) peut contenir lait, soja, moutarde",https://images.openfoodfacts.org/images/products/301/776/054/2890/front_en.187.400.jpg
3182180001477,Grilletine au froment sans sucres ajoutés,"en:plant-based-foods-and-beverages, en:plant-based-foods, en:cereals-and-potatoes, en:cereals-and-their-products, en:breads, en:toasts, en:toasted-bread-rolls, en:wheat-rusk-slices","Farine de BLÉ 83% - Édulcorant : maltitol - Huile de tournesol - Levure boulangère - GLUTEN de blé - Sel - Minéraux de mer (potassium, magnésium, calcium) - Farine de BLÉ malté - Fibres de BLÉ - Agent de traitement de la farine : acide ascorbique",https://images.openfoodfacts.org/images/products/318/218/000/1477/front_fr.81.400.jpg
3760049798890,Pain au lait bio x12 420g,"en:plant-based-foods-and-beverages, en:plant-based-foods, en:snacks, en:cereals-and-potatoes, en:sweet-snacks, en:biscuits-and-cakes, en:sweet-pastries-and-pies, en:breads, en:viennoiseries, en:milk-bread-rolls","Farine de BLÉ*/** 51%, ŒUFS entiers*/** 12.5%, huile de tournesol*, LAIT frais écrémé pasteurisé* 8.4%, levain* (eau, farines de BLE*/** 3.4% et de SEIGLE*, levures), sucre de canne roux*, GLUTEN DE BLÉ*, arôme naturel de vanille* (contient alcool*), levure, sel, extrait de vanille*. Traces éventuelles de soja. *Ingrédients issus de l'Agriculture Biologique. **Ingrédients issus du commerce équitable français.",https://images.openfoodfacts.org/images/products/376/004/979/8890/front_fr.34.400.jpg
3392460480827,Biscottes 6 Céréales,"en:plant-based-foods-and-beverages, en:plant-based-foods, en:cereals-and-potatoes, en:breads, en:rusks, en:multigrain-rusks","Céréales 93 % (farine de BLÉ 79,4 %, flocons de BLÉ malté 4,4 %, flocons d'AVOINE 1,7 %, farine d'ORGE malté 1,5 %, farine de SEIGLE 1,2 %, semoule de BLÉ 1,2 %, farine d'ORGE 1,2 %, farine de sarrasin 1,2 %, farine de riz 1,2 %), levure, graines de lin 3,6 %, graines de SÉSAME 3,4 %, huile de palme, sirop de glucose-fructose, sel, gluten de BLÉ, sucre, agent de traitement de la farine (acide ascorbique), émulsifiants (E 471, E 481), amidon de BLÉ.",https://images.openfoodfacts.org/images/products/339/246/048/0827/front_fr.132.400.jpg
4056489039518,Petit Pains Grillés Blé complet,"en:plant-based-foods-and-beverages, en:plant-based-foods, en:cereals-and-potatoes, en:breads, en:toasts, en:toasted-bread-rolls","Farine de _blé_ complet 45%, farine de _blé_ 45%, huile de colza, sucre, levure, sel, gluten de _blé_, agent de traitement de la farine (acide ascorbique)",https://images.openfoodfacts.org/images/products/405/648/903/9518/front_fr.47.400.jpg
8410076470812,Blé Complet,"en:plant-based-foods-and-beverages, en:plant-based-foods, en:cereals-and-potatoes, en:breads, en:flatbreads, en:white-breads, en:wheat-breads, en:wheat-flatbreads","whole wheat flour (68%), water, stabilizer: glycerol, sunflower oil, emulsifier: mono - and diglycerides of fatty acids, dextrose, baking powders: sodium acid carbonate, diphosphates, salt,",https://images.openfoodfacts.org/images/products/841/007/647/0812/front_en.88.400.jpg
3182180001996,Biscottes Sans sucres ajoutés Blé complet,"en:plant-based-foods-and-beverages, en:plant-based-foods, en:cereals-and-potatoes, en:cereals-and-their-products, en:breads, en:rusks, en:toasts, en:wholemeal-rusks",Farine de BLÉ complet 58% - Farine de BLÉ 42% - Huile de tournesol - GLUTEN de BLÉ - Levure boulangère - Levain de BLÉ déshydraté - Sel - Agent de traitement de la farine : acide ascorbique.,https://images.openfoodfacts.org/images/products/318/218/000/1996/front_fr.69.400.jpg
4056489235798,Pain de mie grandes tranches 7 cereales,"en:plant-based-foods-and-beverages, en:plant-based-foods, en:cereals-and-potatoes, en:breads, en:sliced-breads, en:multigrain-sliced-breads, en:pain-de-mie","41% farine de blé, eau, levain de blé (farine de blé, eau), graines de tournesol, huile de colza, 2,8% flocons d'avoine, 2,8% flocons de seigle, graines de lin, blé complet égrugé, levure, sucre, protéines de blé, sel, farine de riz, 0,2% farine de malt d'orge, 0,2% farine d'épeautre (blé), farine de germes de blé, farine de sarrasin, correcteur d'acidité: acétates de sodium; arôme naturel, alcool. Traces éventuelles de soja, de moutarde, de lupins et de lait.",https://images.openfoodfacts.org/images/products/405/648/923/5798/front_fr.42.400.jpg
5025125000006,Bread,"en:plant-based-foods-and-beverages, en:plant-based-foods, en:cereals-and-potatoes, en:cereals-and-their-products, en:breads, en:sourdough-breads, en:white-breads","Wheat flour, water, salt, fermented wheat flour",https://images.openfoodfacts.org/images/products/502/512/500/0006/front_en.106.400.jpg
7311070032604,Krisprolls complets,"en:plant-based-foods-and-beverages, en:plant-based-foods, en:cereals-and-potatoes, en:cereals-and-their-products, en:breads, en:toasts, en:toasted-bread-rolls","Farine de blé complet 58%, Farine de blé, Sucre, Huiles végétales (Colza), Malt d'orge, Levure, Sel",https://images.openfoodfacts.org/images/products/731/107/003/2604/front_en.95.400.jpg
3228857000883,Extra moelleux nature,"en:plant-based-foods-and-beverages, en:plant-based-foods, en:cereals-and-potatoes, en:cereals-and-their-products, en:breads, en:sliced-breads, fr:pains-de-mie-blancs-nature","Farine de BLÉ 70%, eau, huile de colza, levure, sel, farine de fèves, vinaigre, arôme (contient alcool), extrait d'acérola. Peut contenir des traces d'OEUF, SOJA, LAIT, GRAINES DE SÉSAME.",https://images.openfoodfacts.org/images/products/322/885/700/0883/front_en.130.400.jpg
3760049794373,PAIN MIE SANDWICH BIO* COMPLET Sans sucres ajoutés 500G,"en:plant-based-foods-and-beverages, en:plant-based-foods, en:cereals-and-potatoes, en:cereals-and-their-products, en:breads, en:sliced-breads, en:packaged-breads, en:wholemeal-breads, en:wholemeal-sliced-breads","Farine complète de BLÉ*/** 59%, eau, GLUTEN DE BLÉ*, huile de tournesol*, levure, arôme naturel d'AVOINE*(contient alcool*), sel, vinaigre d'alcool*, farine de BLÉ*/**0,3%, levure désactivée, antioxydant : acide ascorbique. Traces éventuelles d'œufs, lait et soja. *Ingrédients issus de l'Agriculture Biologique. **Ingrédients issus du commerce équitable français.",https://images.openfoodfacts.org/images/products/376/004/979/4373/front_fr.130.400.jpg
20171841,Roggen Vollkorn-Knäckebr,"en:plant-based-foods-and-beverages, en:plant-based-foods, en:cereals-and-potatoes, en:breads, en:crispbreads, en:rye-breads","Roggenvollkornmehl, Speisesalz,",https://images.openfoodfacts.org/images/products/000/002/017/1841/front_de.218.400.jpg
3182180002115,Grilletines blé complet,"en:plant-based-foods-and-beverages, en:plant-based-foods, en:cereals-and-potatoes, en:breads, en:rusks, en:toasts, en:toasted-bread-rolls","wheat  flour 62%, wholegrain cereals 16% (whole  wheat  flour 15%, whole  rye  flour 1%), sunflower oil, sugar,  wheat  bran, yeast, wheat  gluten , skimmed  milk  powder, malted  barley  flour, salt,  barley  malt extract,  wheat  semolina, emulsifiers: mono - and diglycerides of fatty acids, flour treatment agent: ascorbic acid",https://images.openfoodfacts.org/images/products/318/218/000/2115/front_en.95.400.jpg
8410076472953,Wraps,"en:plant-based-foods-and-beverages, en:plant-based-foods, en:cereals-and-potatoes, en:breads, en:flatbreads, en:white-breads, en:wheat-breads, en:wheat-flatbreads","farine de _blé_, eau, stabilisant : glycérol, huile de tournesol, émulsifiant : mono - et diglycérides d'acides gras, dextrose, poudres à lever : carbonate acide de sodium, diphosphate disodique , sel,",https://images.openfoodfacts.org/images/products/841/007/647/2953/front_en.124.400.jpg
3760049799408,Complet & Graines,"en:plant-based-foods-and-beverages, en:plant-based-foods, en:cereals-and-potatoes, en:frozen-foods, en:cereals-and-their-products, en:breads, en:sliced-breads, en:frozen-breads, en:wholemeal-breads, en:wholemeal-sliced-breads","Farine complète de BLÉ* 52%, eau, levure, gluten de BLÉ, farine de BLÉ* 2.7%, graines de lin brun 2.1%, graines de lin jaune 1.9%, graines de millet 1.9%, graines de tournesol décortiquées 1.2%, sel, arôme naturel (contient alcool), vinaigre, graines de sarrasin 0.6%, graines de pavot 0.5%, huile de colza, conservateur : propionate de calcium, agent de traitement de la farine : acide ascorbique. Traces éventuelles d'œufs, lait, soja, fruits à coque et graines de sésame. *Ingrédients issus du commerce équitable français.",https://images.openfoodfacts.org/images/products/376/004/979/9408/front_en.3.400.jpg
7311070362664,Krisprolls,"en:plant-based-foods-and-beverages, en:plant-based-foods, en:cereals-and-potatoes, en:breads, en:toasts, en:toasted-bread-rolls","Farine de blé* (90%), sucre, huiles végétales (huile de colza*, huile de colza totalement hydrogénée), malt d'orge, levure, sel,",https://images.openfoodfacts.org/images/products/731/107/036/2664/front_fr.106.400.jpg
6111031005651,Golden,"en:plant-based-foods-and-beverages, en:plant-based-foods, en:snacks, en:cereals-and-potatoes, en:sweet-snacks, en:biscuits-and-cakes, en:biscuits-and-crackers, en:biscuits, en:breads, en:rusks","Farine de Blé, Sucre, Huile Végétale Non-Hydrogénée (Palme), Sirop de Sucre Inverti, Emulsifiant (Lecithine de Sojal, Mélange de Vitamines et Minéraux [Carbonate de Calcium, Fer, Niacine (Vitamine B3), Thiamine (Vitamine B1), Riboflavine (Vitamine B2), Acide Folique (Vitamine B9)], Sel, Poudre à Lever (Bicarbonate de Sodium), Arôme Naturel (Orange). CONTIENT: BLE (GLUTEN), SOJA. Cher F Dep offro Bimo ه بسكويت بنكهة البرتقال. المكونات دقيق القمح ، سكر ، زيت نباتي غير مهدرج (نخيل)، شراب السكر المحول مستحلب ليسيثين (الصويا خليط فيتامينات ومعادن كربونات الكالسيوم حديد نياسين (فيتامين (ب) ثيامين (فيتامين (ب (١) ريبوفلافين (فيتامين ب (۲) حمض الفوليك فيتامين (ب (۹ ملح مادة رافعة (بيكربونات الصوديوم)، نكهة طبيعية (برتقال). يحتوي على القمح (الغلوتين)، الصويا. صنع في المغرب من طرف مونديليز المغرب شارع الشفشاوني زنقة أي طريق ،۱۱۰ ، الحي الصناعي عين السبع ۲۰۳۰۰ ، الدار البيضاء المغرب. ONSSA number for BIMO 2: PBBP5.40.16 الوزن الصافي: ٥٢ غ Fabriqué au Maroc par Mondelez Maroc, BD Chefchaouni, Rue E, Route 110, Quartier Industriel, Ain Sebaa 20300, Casablanca, Maroc. des in sélect Chez de n",https://images.openfoodfacts.org/images/products/611/103/100/5651/front_fr.3.400.jpg
5025125000037,Sliced White Sourdough Bread with Grains & Seeds,"en:plant-based-foods-and-beverages, en:plant-based-foods, en:cereals-and-potatoes, en:breads, en:sliced-breads, en:vegan, en:vegetarian","Wheat Flour (Wheat Flour, Calcium Carbonate, Iron, Niacin, Thiamin), Water, Mixed Seeds (Golden Linseeds, Sunflower Seeds (6%), Sprouted Spelt (Wheat) Grains (1.5%), Salt, Fermented Wheat Flour.",https://images.openfoodfacts.org/images/products/502/512/500/0037/front_en.66.400.jpg
3017760363990,Heudebert Fibre +,"en:plant-based-foods-and-beverages, en:plant-based-foods, en:cereals-and-potatoes, en:cereals-and-their-products, en:breads, en:rusks, en:toasts, en:multigrain-rusks, en:wholemeal-rusks","Farine de blé complète 58% (son de blé 9,5%, germe de blé 9,5%), farine de blé 30%, son de blé 7,5%, levure, huile de palme, gluten de blé, sirop de glucose-fructose, sucre, sel, farine de blé malté 0,7%, agent de traitement de la farine (acide ascorbique), amidon de blé. 
Peut contenir soja, lait, sésame.",https://images.openfoodfacts.org/images/products/301/776/036/3990/front_fr.142.400.jpg
3029330022411,Maxi Tranches Sans sucre ajouté Nature,"en:plant-based-foods-and-beverages, en:plant-based-foods, en:cereals-and-potatoes, en:breads, en:sliced-breads","Farine de BLÉ (67%), eau, huile de colza, levure, arôme naturel (contient alcool), sel, farine de maïs fermentée , GLUTEN DE BLÉ, farine de fève, jus d'acérola en poudre",https://images.openfoodfacts.org/images/products/302/933/002/2411/front_fr.111.400.jpg
8008698007389,"Maestro Cereale avec du Levain, Millet et Quinoa","en:plant-based-foods-and-beverages, en:plant-based-foods, en:cereals-and-potatoes, en:cereals-and-their-products, en:specific-products, en:products-for-specific-diets, en:breads, en:products-without-gluten, en:gluten-free-breads, en:bakkerij, en:brood, en:glutenvrij-brood","amidon de maïs, eau, levain 14% (farine de riz, eau), amidon de riz, fibre végétale (psyllium), sirop de riz, huile de tournesol, flocons de SOJA, graines de tournesol 2,1%, farine de millet 2%, graines de lin 1,9%, épaississant : hydroxypropylméthylcellulose ; farine de quinoa 1,3%, levure, farine de riz 1,3%, protéines de SOJA, son de SOJA, sel iodé (sel, iodure de potassium), pavot 0,6%, graines de chia 0,6% (Salvia hispanica), miel. Peut contenir des traces de LUPIN, SESAME et MOUTARDE.",https://images.openfoodfacts.org/images/products/800/869/800/7389/front_en.275.400.jpg
3029330004240,Fines Tartines farine de Seigle,"en:plant-based-foods-and-beverages, en:plant-based-foods, en:cereals-and-potatoes, en:cereals-and-their-products, en:breads, fr:pain-en-tranches","Farine de SEIGLE (32%), eau, farine de BLÉ (29%), levain de SEIGLE (eau, farine de SEIGLE, sel), levure, sel iodé (sel, iodate de potassium), huile d'olive, GLUTEN DE BLÉ, correcteur d'acidité : acétates de sodium, malt d'ORGE torréfié, agent de traitement de la farine : acide ascorbique.",https://images.openfoodfacts.org/images/products/302/933/000/4240/front_fr.54.400.jpg
06175634,Tartines craquantes à la châtaigne,"en:plant-based-foods-and-beverages, en:plant-based-foods, en:snacks, en:cereals-and-potatoes, en:breads, en:extruded-crispbreads, en:crispbreads",Le Pain des fleurs,https://images.openfoodfacts.org/images/products/000/000/617/5634/front_fr.35.400.jpg
3560071232719,Pain de mie complet,"en:plant-based-foods-and-beverages, en:plant-based-foods, en:cereals-and-potatoes, en:breads, en:sliced-breads, en:wholemeal-breads, en:wholemeal-sliced-breads","Farine de _blé_* 44%, eau, farine complète de _blé_* 18%, huile de colza*, sucre de canne*, gluten de _blé_*, son de _blé_*, arôme naturel de vanille* (contient alcool*), sel, levure. * biologique
Peut contenir des traces de lait, oeufs et de graines de sésame.",https://images.openfoodfacts.org/images/products/356/007/123/2719/front_fr.92.400.jpg
5025125000112,sourdough bread,"en:plant-based-foods-and-beverages, en:plant-based-foods, en:cereals-and-potatoes, en:cereals-and-their-products, en:breads, en:sourdough-breads","Wheat Flour (Wheat Flour, Calcium Carbonate, Iron, Niacin, Thiamin), Water, Rye Flour, Salt, Fermented Wheat",https://images.openfoodfacts.org/images/products/502/512/500/0112/front_en.86.400.jpg
3228857001101,Beau & bon à la farine complète de blé,"en:plant-based-foods-and-beverages, en:plant-based-foods, en:cereals-and-potatoes, en:frozen-foods, en:cereals-and-their-products, en:breads, en:frozen-breads, en:sliced-breads, en:wholemeal-breads, en:wholemeal-sliced-breads","Farines 57% (farine complète de BLÉ 28,6%, farine de BLÉ 28,4%), eau, graines de tournesol 6,1%, son de BLÉ 4,2%, graines de lin brun 3,1%, huile de colza, gluten de BLÉ, levure, arôme (contient alcool), sel, vinaigre, extrait d'acérola. Peut contenir des traces d'OEUFS, SOJA, LAIT, FRUITS A COQUE et GRAINES DE SÉSAME.",https://images.openfoodfacts.org/images/products/322/885/700/1101/front_fr.117.400.jpg
7622210416629,La Biscotte 96% de céréales,"en:plant-based-foods-and-beverages, en:plant-based-foods, en:cereals-and-potatoes, en:breads, en:rusks","Farine de blé 96 %, huile de palme, sucre, levure, sel, émulsifiants (E471, E481), agent de traitement de la farine (acide ascorbique).",https://images.openfoodfacts.org/images/products/762/221/041/6629/front_fr.100.400.jpg
3182189999805,Biscottes sans sel et sans sucre ajoutés,"en:plant-based-foods-and-beverages, en:plant-based-foods, en:cereals-and-potatoes, en:frozen-foods, en:specific-products, en:products-for-specific-diets, en:breads, en:products-with-reduced-salt, en:rusks, en:rusks-without-salt",Farine de blé 70% - Farine de BLÉ complet 20% - gluten de BLÉ - Huile de tournesol - Levure boulangère - Agent de traitement de la farine : acide ascorbique.,https://images.openfoodfacts.org/images/products/318/218/999/9805/front_fr.16.400.jpg
3182180002542,Grilletine Sans sucres ajoutés Blé complet,"en:plant-based-foods-and-beverages, en:plant-based-foods, en:cereals-and-potatoes, en:cereals-and-their-products, en:breads, en:toasts, en:toasted-bread-rolls","Farine de BLÉ 58% - Céréales complètes 19% (farine de BLÉ complet 18%, farine de SEIGLE complète 1%) - Huile de tournesol - Fibre soluble de maïs - Son de BLÉ - Levure boulangère - GLUTEN de blé - Farine de sarrasin - Farine de BLÉ malté - Sel - Agent de traitement de la farine (acide ascorbique).",https://images.openfoodfacts.org/images/products/318/218/000/2542/front_fr.27.400.jpg
8008698005576,Wholesome White Loaf,"en:plant-based-foods-and-beverages, en:plant-based-foods, en:cereals-and-potatoes, en:cereals-and-their-products, en:specific-products, en:products-for-specific-diets, en:breads, en:products-without-gluten, en:gluten-free-breads, en:sliced-breads","corn starch, water, sourdough 16% (rice flour, water), rice starch, vegetable fiber (psyllium), rice syrup sunflower oil, soy protein, millet flour 1,9%, thickener: hydroxypropyl methylcellulose, quinoa flour 1,3%, yeast 1%, honey, iodized salt (salt, potassium iodide),",https://images.openfoodfacts.org/images/products/800/869/800/5576/front_de.219.400.jpg
3029330069898,Tartines p’tit dej,"en:plant-based-foods-and-beverages, en:plant-based-foods, en:cereals-and-potatoes, en:cereals-and-their-products, en:breads, en:sliced-breads, en:wholemeal-breads, en:wholemeal-sliced-breads","Farine complète de blé (51%), eau, farine de blé (18%), huile de colza, levure, arôme naturel (contient alcool), sel, farine de maïs , GLUTEN DE BLÉ, jus d'acérola en poudre.",https://images.openfoodfacts.org/images/products/302/933/006/9898/front_en.51.400.jpg
3182180060320,Tartines de Pain Blé Complet,"en:plant-based-foods-and-beverages, en:plant-based-foods, en:cereals-and-potatoes, en:breads, en:rusks, en:toasts, fr:pain-grille-complet","Farine de BLÉ, Farine de BLÉ complet 17% , Son de BLÉ,  Huile de tournesol,  GLUTEN de BLÉ,  Sucre,  Sel,  Levure boulangère,  Agent de traitement de la farine : acide ascorbique.",https://images.openfoodfacts.org/images/products/318/218/006/0320/front_fr.107.400.jpg
3228857001118,Pain 100% mie nature sans sucre ajouté,"en:plant-based-foods-and-beverages, en:plant-based-foods, en:cereals-and-potatoes, en:breads, en:sliced-breads, fr:pains-de-mie-blancs-nature","Farine de blé 58,5%, eau, farine complète de blé 5,8%, huile de colza, fibre de chicorée, arôme (contient alcool), sel, vinaigre, levure, farine de fèves, extrait d'acérola. peut contenir des traces d'oeufs, soja, lait, fruits a coque, graines de sésame.",https://images.openfoodfacts.org/images/products/322/885/700/1118/front_fr.27.400.jpg
3029330801924,4 burgers géant à la farine complète,"en:plant-based-foods-and-beverages, en:plant-based-foods, en:cereals-and-potatoes, en:cereals-and-their-products, en:breads, en:special-breads, en:hamburger-buns","Farine complète de blé (38%), farine de blé (23%), eau, sucre, levure, huile de colza, graines de sésame (1,8%), arôme naturel (contient alcool), sel, farine de maïs fermentée, gluten de blé, jus d'acérola en poudre.",https://images.openfoodfacts.org/images/products/302/933/080/1924/front_en.3.400.jpg
3560071010058,Le pain aux Céréales,"en:plant-based-foods-and-beverages, en:plant-based-foods, en:cereals-and-potatoes, en:breads, fr:pains-multicereales","Eau, farine de _blé_ 18%, levain de _seigle_ (eau, farine de _seigle_ 7,7%), farine de _blé_ complet 8,7%, farine de _seigle_ 5,9%, graines de lin brun 5,5%, graines de tournesol 3,6%, flocons d'_avoine_ 3,2%, farine de _seigle_ complet 2,6%, flocons d'_orge_ 2,6%, graines de millet 2,6%, levure, extrait de malt d'orge, huile de tournesol, sel, protéines de _blé_, conservateur : acide sorbique, correcteur d'acidité : acétates de sodium, agent de traitement de la farine : acide ascorbique, arôme naturel (contient alcool). Peut contenir des traces de graines de sésame, lupin, moutarde et soja.",https://images.openfoodfacts.org/images/products/356/007/101/0058/front_fr.73.400.jpg
3560070879762,Le pain au Seigle,"en:plant-based-foods-and-beverages, en:plant-based-foods, en:cereals-and-potatoes, en:breads, en:rye-breads","Farine de _blé_ 34%, farine de _seigle_ 22%, eau, levain de _seigle_ (farine de _seigle_ 8,1%, eau), levure, extrait de malt d'_orge_, sel, agent de traitement de la farine : acide ascorbique, correcteur d'acidité : acétates de sodium, conservateur : acide sorbique, arôme naturel (contient alcool).
Peut contenir des traces de graines de sésame, lupin, moutarde et soja.",https://images.openfoodfacts.org/images/products/356/007/087/9762/front_fr.50.400.jpg
3228857002191,Pain de mie american sandwich nature sans sucres ajoutés maxi 825g,"en:plant-based-foods-and-beverages, en:plant-based-foods, en:cereals-and-potatoes, en:frozen-foods, en:breads, en:sliced-breads, en:frozen-breads","Farine de BLÉ 66,3%, eau, huile de colza, fibre de chicorée, arôme (contient alcool), sel, fibre de BLÉ, vinaigre, levure, farine de fèves, gluten de BLÉ, levure désactivée, extrait d'acérola. Peut contenir des traces d'OEUFS, SOJA, LAIT, FRUITS A COQUE et GRAINES DE SESAME.",https://images.openfoodfacts.org/images/products/322/885/700/2191/front_fr.50.400.jpg
8480000093691,PAN ESPECIAL 100% INTEGRAL,"en:plant-based-foods-and-beverages, en:plant-based-foods, en:cereals-and-potatoes, en:cereals-and-their-products, en:breads, en:sliced-breads, en:wholemeal-breads, en:wholemeal-sliced-breads","100% INTEGR EMEDIA HOGAZA DE PAN ESPECIAL 100% INTEGRAL (HARINTEGRAL PMEIO PÃO FATIADO 100% INTEGRAL (FARINHA INTEL ALDE TRIGO (9 (10%)), COM FLOCOS DE AVEIA (4%). SEMENTES DE GIRASSOL (29%) INGREDIENTES Harina integral de trigo (gluten) (51%), agua, harina integral Valor de avena (gluten) (5,7%), copos de avena (gluten) (4%), semillas Energétic de girasol (2%), semillas de sésamo (2%), gluten de trigo, Grasas/Lip levadura, sal, mejorante panario (gluten de trigo, harina integral duales de trigo (gluten), emulgente E-472e y antioxidante E-300), masa madre de trigo integral inactiva (gluten), aceite refinado de girasol, salvado de avena (gluten), conservadores E-282 y - 200. Puede contener soja y mostaza.",https://images.openfoodfacts.org/images/products/848/000/009/3691/front_en.4.400.jpg
8410076472946,8 Tortillas - Blé nature,"en:plant-based-foods-and-beverages, en:plant-based-foods, en:cereals-and-potatoes, en:breads, en:flatbreads, en:white-breads, en:wheat-breads, en:wheat-flatbreads","Farine de _blé_, eau, stabilisant (glycérol), huiles végétales (colza, tournesol), émulsifiant (mono - et diglycérides d'acides gras), dextrose, poudres à lever (bicarbonate de sodium, diphosphates), sel de cuisine.",https://images.openfoodfacts.org/images/products/841/007/647/2946/front_fr.84.400.jpg
8710445020878,Pan Fibra & Sésamo,"en:plant-based-foods-and-beverages, en:plant-based-foods, en:cereals-and-potatoes, en:cereals-and-their-products, en:breads, en:rye-breads","Harina integral de centeno (gluten) 85%, semillas de sésamo 11%, sal. Puede contener trazas de trigo, avena, espelta, huevos, leche, frutos de cáscara, soja y mostaza.",https://images.openfoodfacts.org/images/products/871/044/502/0878/front_en.82.400.jpg
7311070032581,Krisprolls,"en:plant-based-foods-and-beverages, en:plant-based-foods, en:cereals-and-potatoes, en:breads, en:toasts, en:toasted-bread-rolls","Farine de _blé_ complet (58%), farine de _blé_, sucre, huiles végétales (huile de colza, huile de colza totalement hydrogénée), malt d'_orge_, levure, sel.",https://images.openfoodfacts.org/images/products/731/107/003/2581/front_en.59.400.jpg
6410500090014,Finn Crisp,"en:plant-based-foods-and-beverages, en:plant-based-foods, en:cereals-and-potatoes, en:cereals-and-their-products, en:breads, en:crispbreads, en:crispbreads-wholemeal, en:sourdough-crisp-bread","Roggenvollkornmehl, Sauerteig 25 % (Roggenvollkornmehl, Wasser), Salz, Hefe. Kann Spuren von Sesam enthalten.",https://images.openfoodfacts.org/images/products/641/050/009/0014/front_en.220.400.jpg
3029330071280,Pain complet,"en:plant-based-foods-and-beverages, en:plant-based-foods, en:cereals-and-potatoes, en:breads, en:sliced-breads, en:wholemeal-breads, en:wholemeal-sliced-breads","Farine complète de BLÉ (63%), eau, huile de colza, farine de BLÉ (1,9%), GLUTEN DE BLÉ, arôme (contient alcool), levure, sel, farine de maïs fermentée, germe de BLÉ, extrait d'acérola.",https://images.openfoodfacts.org/images/products/302/933/007/1280/front_en.88.400.jpg
7622210416681,Biscottes,"en:plant-based-foods-and-beverages, en:plant-based-foods, en:cereals-and-potatoes, en:breads, en:rusks, en:common-wheat-rusks","Farine de _blé_ 96,3 %, huile de palme, sucre, levure, sel, émulsifiants (E471, E481), agent de traitement de la farine (acide ascorbique).",https://images.openfoodfacts.org/images/products/762/221/041/6681/front_fr.111.400.jpg
3229820019208,Pain complet seigle,"en:plant-based-foods-and-beverages, en:plant-based-foods, en:cereals-and-potatoes, en:cereals-and-their-products, en:breads, en:rye-breads, en:wholemeal-breads","Farine complète de seigle* 59%, eau, sel marin, levure. Peut contenir des traces de lait, fruits à coque, graines de sésame et de soja. *Ingrédients biologiques.",https://images.openfoodfacts.org/images/products/322/982/001/9208/front_fr.116.400.jpg
7311070032574,"Golden Wheat Swedish Krisprolls, 7.9oz (225g)","en:plant-based-foods-and-beverages, en:plant-based-foods, en:cereals-and-potatoes, en:breads, en:toasts, en:toasted-bread-rolls","Farine de BLÉ (90%), sucre, huiles végétales (colza), levure, sel, malt d'ORGE.",https://images.openfoodfacts.org/images/products/731/107/003/2574/front_fr.66.400.jpg
6111260231548,slice burger viva,"en:plant-based-foods-and-beverages, en:dairies, en:fermented-foods, en:plant-based-foods, en:fermented-milk-products, en:cereals-and-potatoes, en:cheeses, en:breads",,https://images.openfoodfacts.org/images/products/611/126/023/1548/front_fr.6.400.jpg
3029330801900,Pain Burger Géant,"en:plant-based-foods-and-beverages, en:plant-based-foods, en:cereals-and-potatoes, en:breads, en:special-breads, en:hamburger-buns","Farine de blé (62%), eau, sucre, levure, huile de colza, graines de sésame (2,1%), arôme naturel (contient alcool), sel, farine de maïs fermentée, gluten de blé, farine de fève, jus d'acérola en poudre.",https://images.openfoodfacts.org/images/products/302/933/080/1900/front_en.14.400.jpg
3228857000913,Pain de mie nature,"en:plant-based-foods-and-beverages, en:plant-based-foods, en:cereals-and-potatoes, en:cereals-and-their-products, en:breads, en:sliced-breads, en:sliced-breads-without-crust","Farine de blé 63%, eau, sucre, huile de colza, sel, vinaigre, levure, farine de fèves, _gluten de blé_, arôme (contient alcool), extrait d'acérola. Peut contenir des _traces d'œuf_, _soja_, _lait_, _fruits coque_, _graines de sésame_.",https://images.openfoodfacts.org/images/products/322/885/700/0913/front_fr.128.400.jpg
6111246910023,Pain de mie complet,"en:plant-based-foods-and-beverages, en:plant-based-foods, en:cereals-and-potatoes, en:breads, en:sliced-breads, en:wholemeal-breads, en:wholemeal-sliced-breads","Farine complete de blé, eau, levure, sucre, huile végétale (tournesol), sel, gluten de blé, conservateurs (E282, E200, E202), émulsifiants (E471, E472e, E481), agents de traitement de la farine (E341, E300), correcteur d'acidité (E270). Contient du gluten. Peut contenir des traces de sésame, d'avoine, de graines de tournesol, de pavot et de lait.",https://images.openfoodfacts.org/images/products/611/124/691/0023/front_en.37.400.jpg
3560070308316,Biscottes Complètes bio,"en:plant-based-foods-and-beverages, en:plant-based-foods, en:cereals-and-potatoes, en:cereals-and-their-products, en:breads, en:rusks, en:wholemeal-rusks","Farine de _blé_ complet* 85%, huile végétale de tournesol*, sucre*, levure, sel, gluten de _blé_*, agent de traitement de la farine : acide ascorbique.
* Ingrédients issus de l'agriculture biologique.
Peut contenir des traces de fruits à coque, de lait, d'œufs et de graines de sésame.",https://images.openfoodfacts.org/images/products/356/007/030/8316/front_fr.146.400.jpg
8710482532303,Trigo Espelta Crackers,"en:plant-based-foods-and-beverages, en:plant-based-foods, en:cereals-and-potatoes, en:cereals-and-their-products, en:breads, en:crispbreads, es:pan-de-trigo-de-espelta","85% espelta (_trigo_) (58% harina integral, harina, copos, melaza), linaza, aceite vegetal (nabina), fibras vegetales, 4,5% pipas de girasol, 2,5% pipas de calabaza, sal, levadura.",https://images.openfoodfacts.org/images/products/871/048/253/2303/front_es.79.400.jpg
3228857000869,100% mie,"en:plant-based-foods-and-beverages, en:plant-based-foods, en:cereals-and-potatoes, en:breads, en:sliced-breads, en:sliced-breads-without-crust","Farine de blé 63%, eau, sucre, huile de colza, sel, vinaigre, levure, farine de fèves, gluten de blé, arôme (contient alcool), extrait d'acérola.",https://images.openfoodfacts.org/images/products/322/885/700/0869/front_fr.102.400.jpg
7622210941480,Heudebert Blé complet,"en:plant-based-foods-and-beverages, en:plant-based-foods, en:cereals-and-potatoes, en:cereals-and-their-products, en:breads, en:rusks, en:toasts, en:wholemeal-rusks, fr:ble-complet","Céréales 95,3 % (farine de blé 60,9 %, farine de blé complète 31 %, farine de blé malté 1,8 %, fibres d'avoine 1,6 %), sucre, levure, huile de palme, gluten de blé, sel, agent de traitement de la farine (acide ascorbique), amidon de blé. Peut contenir lait, sésame.",https://images.openfoodfacts.org/images/products/762/221/094/1480/front_fr.52.400.jpg
8480000809421,Tortillas de trigo integrales,"en:plant-based-foods-and-beverages, en:plant-based-foods, en:cereals-and-potatoes, en:cereals-and-their-products, en:breads, en:flatbreads, en:special-breads, en:white-breads, en:wheat-breads, en:wheat-flatbreads, en:wholemeal-breads","Harina integral de trigo (65%), agua, aceite de girasol alto oleico (3%), estabilizante (E 422), sal, emulgente (E 471), corrector de acidez (E 296), conservadores (E 282, E 202), gasificante (E 500ii), fibra vegetal. Puede contener trazas de: soja y mostaza",https://images.openfoodfacts.org/images/products/848/000/080/9421/front_en.91.400.jpg
7300400483063,Wasa tartine croustillante sensation aux graines de chia & touche de sel 245g,"en:plant-based-foods-and-beverages, en:plant-based-foods, en:snacks, en:cereals-and-potatoes, en:salty-snacks, en:seeds, en:appetizers, en:cereals-and-their-products, en:chips-and-fries, en:cereal-grains, en:crisps, en:breads, en:chia, en:crispbreads","Farine complète de SEIGLE 102 g*, graines de chia (Salvia hispanica) 5,0 g*, levure, sel de mer 0,7 g*, sel. *en g pour 100 g de produit. Peut contenir des traces de LUPIN, LAIT, MOUTARDE, GRAINES DE SÉSAME et SOJA.",https://images.openfoodfacts.org/images/products/730/040/048/3063/front_en.3.400.jpg
3228857000876,Pain Extra Moelleux Nature Sans Sucres Ajoutés,"en:plant-based-foods-and-beverages, en:plant-based-foods, en:cereals-and-potatoes, en:breads, en:sliced-breads, fr:pains-de-mie-blancs-nature","Farine de _blé_ 70%, eau, huile de colza, levure, sel, farine de fèves, vinaigre, arôme (contient alcool), extrait d'acérola.",https://images.openfoodfacts.org/images/products/322/885/700/0876/front_fr.100.400.jpg
3228857001347,Harrys brioche tranchee pepites de chocolat sans additif 485g,"en:plant-based-foods-and-beverages, en:plant-based-foods, en:snacks, en:cereals-and-potatoes, en:sweet-snacks, en:biscuits-and-cakes, en:biscuits-and-crackers, en:cereals-and-their-products, en:biscuits, en:sweet-pastries-and-pies, en:breads, en:viennoiseries, en:brioches, en:variety-packs, en:biscuits-or-cookies-variety-packs, en:biscuits-or-cookies-perishable, en:brioche-filled-with-chocolate-drops, en:packaged-breads, fr:brioches-tranchees","Farine de BLÉ 47,5%, eau, pépites de chocolat 11,5% (sucre, pâte de cacao, beurre de cacao), sucre, huile de colza, OEUFS frais 5,5%, levure, rhum, fibre d'AVOINE, gluten de BLÉ, sel, poudre de jaune d'OEUFS, arômes (BLÉ), extraits végétaux à pouvoir colorant (curcuma, paprika), farine d'ORGE malté, fibre de BLÉ, extrait d'acérola. Peut contenir des traces de LAIT, GRAINES DE SÉSAME, FRUITS À COQUE et SOJA.",https://images.openfoodfacts.org/images/products/322/885/700/1347/front_fr.164.400.jpg
4088600246291,Seeded Sourdough Bread,"en:plant-based-foods-and-beverages, en:plant-based-foods, en:cereals-and-potatoes, en:cereals-and-their-products, en:breads","Wheat Flour (Wheat Flour, Calcium Carbonate, Iron, Niacin, Thiamin), Water, MIXED SEEDS (10%) (Brown Linseed, Millet Seeds, Golden Linseed, Sunflower Seeds, Poppy Seeds, Pumpkin Seeds), Rye Flour, Malted Wheat, Salt, Wheat Bran, Malted Barley Flour,",https://images.openfoodfacts.org/images/products/408/860/024/6291/front_en.52.400.jpg
3029330004233,Vollkornbrot,"en:plant-based-foods-and-beverages, en:plant-based-foods, en:cereals-and-potatoes, en:breads, en:rye-breads, en:wholemeal-breads","Eau, farine de SEIGLE complet (25%), SEIGLE intégral (11,5%), farine complète de BLÉ farine de BLÉ, levure, levain (2,5%) (eau, farine de SEIGLE, sel), sirop de sucre, sel iodé (sel, iodate de potassium)",https://images.openfoodfacts.org/images/products/302/933/000/4233/front_fr.57.400.jpg
13356194,Brot,"en:plant-based-foods-and-beverages, en:plant-based-foods, en:cereals-and-potatoes, en:cereals-and-their-products, en:breads","Weizenmehl, Wasser, Invertzuckersirup, Rapsöl, Hefe, 2,5% Butterreinfett, Vollei*, Magermilchpulver, Speisesalz, Maisstärke, Emulgatoren: Mono - und Diglyceride Speisefettsäuren, Natriumstearoyl-2-lactylat; Säureregulator: Natriumacetate; Erbseneiweiß, Dextrose, Roggen - röstmalzmehl. *von Eiern aus Bodenhaltung. von Kann Spuren von Sesam enthalten. Vor Wärme schützen und trocken lagern. Ungeöffnet",https://images.openfoodfacts.org/images/products/000/001/335/6194/front_en.25.400.jpg
3760049797909,Pain de mie Bio petites tranches complet & levain sans sucres ajoutés 280g,"en:plant-based-foods-and-beverages, en:plant-based-foods, en:cereals-and-potatoes, en:frozen-foods, en:cereals-and-their-products, en:breads, en:sliced-breads, en:packaged-breads, en:wholemeal-breads, en:wholemeal-sliced-breads","Farine complète de BLÉ*/** 59%, eau, levain *7,8% (eau, farine de SEIGLE*, levures), GLUTEN DE BLÉ*, huile de tournesol*/** 3,4%, farine de BLÉ*/** 2,1%, levure, arôme naturel d'AVOINE* (contient alcool*), sel , levure désactivée, antioxydant : acide ascorbique. Traces éventuelles de soja. * Ingrédients issus de l'Agriculture Biologique. **Ingrédients issus du commerce équitable français.",https://images.openfoodfacts.org/images/products/376/004/979/7909/front_fr.66.400.jpg
3228850006035,Pain de mie longue conservation,"en:plant-based-foods-and-beverages, en:plant-based-foods, en:cereals-and-potatoes, en:breads, en:sliced-breads, fr:pains-de-mie-blancs-nature","Farine de blé 66,5%, eau, huile de colza, sucre, gluten de blé, levure, arôme (contient alcool), sel, vinaigre, conservateur : propionate de calcium, farine de fèves, extrait d'acérola. peut contenir des traces d'oeufs, soja, lait, fruits à coque, moutarde, graines de sésame.",https://images.openfoodfacts.org/images/products/322/885/000/6035/front_fr.177.400.jpg
8480000823021,Pan de molde con 52% centeno,"en:plant-based-foods-and-beverages, en:plant-based-foods, en:cereals-and-potatoes, en:breads, en:special-breads, en:sliced-breads","Harina de centeno (48%), harina de trigo, cebada malteada, agua, semillas de girasol, levadura, salvado de trigo, gluten de trigo, sal, aceite de girasol (0,8%), germen de trigo, harina de haba, emulgentes (E-471, E-472e), conservadores (E-202, E282, E200), corrector de la acidez (E330).",https://images.openfoodfacts.org/images/products/848/000/082/3021/front_es.101.400.jpg
3182180002436,Pain Grillé l'Original,"en:plant-based-foods-and-beverages, en:plant-based-foods, en:cereals-and-potatoes, en:cereals-and-their-products, en:breads, en:toasts, fr:b",Farine_de_BLÉ - Levain de BLÉ 5% - Farine de SEIGLE - Huile de tournesol - Sucre - Sel de Guérande - Levure boulangère - Farine d’orge maltée - Levain de BLÉ déshydraté - Agent de traitement de la farine : acide ascorbique,https://images.openfoodfacts.org/images/products/318/218/000/2436/front_fr.44.400.jpg
3017760771894,Biscotte gout brioche heudebert,"en:plant-based-foods-and-beverages, en:plant-based-foods, en:cereals-and-potatoes, en:cereals-and-their-products, en:breads, en:rusks, en:toasts","Farine de BLÉ 85 %, margarine [huiles végétales (palme, colza), eau, BEURRE pâtissier, lactosérum en poudre (de LAIT), miel, arômes, colorant (bêta-carotène)), sucre, levure, lactosérum en poudre (de LAIT), sel, émulsifiants (E471, E481), agent de traitement de la farine (acide ascorbique).",https://images.openfoodfacts.org/images/products/301/776/077/1894/front_fr.112.400.jpg
3392460481114,Biscottes Pleine vie Sans sel ajouté,"en:plant-based-foods-and-beverages, en:plant-based-foods, en:cereals-and-potatoes, en:specific-products, en:products-for-specific-diets, en:breads, en:products-with-reduced-salt, en:rusks, en:rusks-without-salt","Farine de BLÉ, sirop de glucose-fructose, huile de palme, levure, amidon de BLÉ, agent de traitement de la farine (acide ascorbique).

100 g de farine de blé sont utilisés pour 100 g de produit fini.

PEUT CONTENIR SÉSAME.",https://images.openfoodfacts.org/images/products/339/246/048/1114/front_fr.121.400.jpg
20006174,Tartines craquantes Froment,"en:plant-based-foods-and-beverages, en:plant-based-foods, en:snacks, en:cereals-and-potatoes, en:salty-snacks, en:appetizers, en:biscuits-and-crackers, en:breads, en:crackers-appetizers, en:extruded-crispbreads, en:toasts","Farine de blé, sucre, huile de tournesol, sel. 100 g de produit fini sont élaborés à partir de 103 g de farine de blé. Traces éventuelles de lait et d'autres céréales contenant du gluten.",https://images.openfoodfacts.org/images/products/000/002/000/6174/front_en.189.400.jpg
5025125000129,JASON'S SOURDOUGH,"en:plant-based-foods-and-beverages, en:plant-based-foods, en:cereals-and-potatoes, en:cereals-and-their-products, en:breads, en:sliced-breads, en:sourdough-breads, en:sourdough-sliced-breads","Wheat Flour (Wheat Flour, Calcium Carbonate, Iron, Niacin, Thiamin), Water, Wholemeal Spelt (Wheat) Flour, Sprouted Spelt (Wheat) Grains (5%), Rye Flour, Salt, Fermented Wheat Flour.",https://images.openfoodfacts.org/images/products/502/512/500/0129/front_en.61.400.jpg
